1;;;;105810;
2;;;;168473;
3;;;;138103;
4;;;;158489;
5;;;;185443;
6;;;;133389;
7;;;;188469;
8;;;;153801;
9;;;;113033;
10;;;;139277;
11;;;;116260;
12;;;;159498;
13;;;;147794;
14;;;;165755;
15;;;;186880;
16;;;;122940;
17;;;;166792;
18;;;;175224;
19;;;;106286;
20;;;;174140;
21;;;;173662;
22;;;;179563;
23;;;;153922;
24;;;;120752;
25;;;;126954;
26;;;;162986;
27;;;;195062;
28;;;;123170;
29;;;;153356;
30;;;;168743;
31;;;;296992;
32;;;;235433;
33;;;;212919;
34;;;;214232;
35;;;;238573;
36;;;;223198;
37;;;;259548;
38;;;;278421;
39;;;;283475;
40;;;;239062;
41;;;;229186;
42;;;;240069;
43;;;;281936;
44;;;;270422;
45;;;;260608;
46;;;;224820;
47;;;;204913;
48;;;;266362;
49;;;;234428;
50;;;;200952;
51;;;;222382;
52;;;;210792;
53;;;;270772;
54;;;;203840;
55;;;;217460;
56;;;;236022;
57;;;;234462;
58;;;;278348;
59;;;;261849;
60;;;;204399;
61;;;;331687;
62;;;;371373;
63;;;;360707;
64;;;;307531;
65;;;;339323;
66;;;;333862;
67;;;;379347;
68;;;;301849;
69;;;;310091;
70;;;;389833;
71;;;;307339;
72;;;;376353;
73;;;;353298;
74;;;;390075;
75;;;;399608;
76;;;;378862;
77;;;;316940;
78;;;;391737;
79;;;;308028;
80;;;;381899;
81;;;;348909;
82;;;;387763;
83;;;;307001;
84;;;;300373;
85;;;;307110;
86;;;;300299;
87;;;;323813;
88;;;;379155;
89;;;;355356;
90;;;;355682;
91;;;;499010;
92;;;;401030;
93;;;;495376;
94;;;;475580;
95;;;;413658;
96;;;;420389;
97;;;;467879;
98;;;;488081;
99;;;;417645;
100;;;;421080;
101;;;;400375;
102;;;;429667;
103;;;;453530;
104;;;;441950;
105;;;;406761;
106;;;;439338;
107;;;;434971;
108;;;;440116;
109;;;;496950;
110;;;;409195;
111;;;;410297;
112;;;;433776;
113;;;;451149;
114;;;;439940;
115;;;;453758;
116;;;;476886;
117;;;;440660;
118;;;;430307;
119;;;;406911;
120;;;;485079;
121;;;;512388;
122;;;;525414;
123;;;;505572;
124;;;;550291;
125;;;;509891;
126;;;;597694;
127;;;;560799;
128;;;;561403;
129;;;;581838;
130;;;;509938;
131;;;;513893;
132;;;;508078;
133;;;;553933;
134;;;;589520;
135;;;;581265;
136;;;;507500;
137;;;;541421;
138;;;;572979;
139;;;;573376;
140;;;;565518;
141;;;;569086;
142;;;;559310;
143;;;;545188;
144;;;;525123;
145;;;;500647;
146;;;;520281;
147;;;;515113;
148;;;;577308;
149;;;;534353;
150;;;;517820;
151;;;;623088;
152;;;;671800;
153;;;;601512;
154;;;;699020;
155;;;;686521;
156;;;;684967;
157;;;;698107;
158;;;;698878;
159;;;;698040;
160;;;;633936;
161;;;;692345;
162;;;;642939;
163;;;;663884;
164;;;;667255;
165;;;;614318;
166;;;;645239;
167;;;;693128;
168;;;;676160;
169;;;;603491;
170;;;;686901;
171;;;;642583;
172;;;;642966;
173;;;;686008;
174;;;;687594;
175;;;;660800;
176;;;;609690;
177;;;;674232;
178;;;;667553;
179;;;;624925;
180;;;;681331;
181;;;;770160;
182;;;;726086;
183;;;;706029;
184;;;;738794;
185;;;;701804;
186;;;;749673;
187;;;;775391;
188;;;;741840;
189;;;;744747;
190;;;;767546;
191;;;;705896;
192;;;;733590;
193;;;;786625;
194;;;;776661;
195;;;;770645;
196;;;;731295;
197;;;;790089;
198;;;;761220;
199;;;;730693;
200;;;;727093;
201;;;;716480;
202;;;;792221;
203;;;;771180;
204;;;;705137;
205;;;;716885;
206;;;;710219;
207;;;;763501;
208;;;;769381;
209;;;;756375;
210;;;;748051;
211;;;;876754;
212;;;;837568;
213;;;;842202;
214;;;;836275;
215;;;;842289;
216;;;;872887;
217;;;;895471;
218;;;;890846;
219;;;;878898;
220;;;;813530;
221;;;;818236;
222;;;;821809;
223;;;;860507;
224;;;;879764;
225;;;;843332;
226;;;;824678;
227;;;;868692;
228;;;;831312;
229;;;;838298;
230;;;;806883;
231;;;;822665;
232;;;;898956;
233;;;;881551;
234;;;;878310;
235;;;;855884;
236;;;;868156;
237;;;;848914;
238;;;;841246;
239;;;;882847;
240;;;;801533;
241;;;;969847;
242;;;;931646;
243;;;;939421;
244;;;;997221;
245;;;;990484;
246;;;;928671;
247;;;;993078;
248;;;;980955;
249;;;;959501;
250;;;;960982;
251;;;;918256;
252;;;;977445;
253;;;;964971;
254;;;;975271;
255;;;;982033;
256;;;;929318;
257;;;;952688;
258;;;;926671;
259;;;;914511;
260;;;;979796;
261;;;;988981;
262;;;;920162;
263;;;;902561;
264;;;;939897;
265;;;;991143;
266;;;;921291;
267;;;;988976;
268;;;;910737;
269;;;;903959;
270;;;;919999;
271;;;;1068073;
272;;;;1030460;
273;;;;1064861;
274;;;;1057230;
275;;;;1093489;
276;;;;1049839;
277;;;;1079787;
278;;;;1002858;
279;;;;1082278;
280;;;;1043667;
281;;;;1075014;
282;;;;1005488;
283;;;;1035813;
284;;;;1062548;
285;;;;1033061;
286;;;;1080447;
287;;;;1021333;
288;;;;1073821;
289;;;;1076668;
290;;;;1002067;
291;;;;1080196;
292;;;;1027772;
293;;;;1049472;
294;;;;1075568;
295;;;;1064530;
296;;;;1034330;
297;;;;1002011;
298;;;;1074951;
299;;;;1019067;
300;;;;1024380;
301;;;;1124478;
302;;;;1150384;
303;;;;1139641;
304;;;;1182577;
305;;;;1169765;
306;;;;1149987;
307;;;;1100258;
308;;;;1110849;
309;;;;1128893;
310;;;;1107555;
311;;;;1131408;
312;;;;1195893;
313;;;;1169484;
314;;;;1120515;
315;;;;1143333;
316;;;;1164029;
317;;;;1155196;
318;;;;1109188;
319;;;;1154803;
320;;;;1132484;
321;;;;1193737;
322;;;;1100112;
323;;;;1107826;
324;;;;1142661;
325;;;;1151631;
326;;;;1106445;
327;;;;1194877;
328;;;;1157779;
329;;;;1107690;
330;;;;1133290;
331;;;;1234107;
332;;;;1230485;
333;;;;1297974;
334;;;;1273240;
335;;;;1225884;
336;;;;1282811;
337;;;;1284605;
338;;;;1244583;
339;;;;1207005;
340;;;;1257982;
341;;;;1200789;
342;;;;1227108;
343;;;;1239399;
344;;;;1283431;
345;;;;1274984;
346;;;;1254242;
347;;;;1245313;
348;;;;1233054;
349;;;;1288327;
350;;;;1230174;
351;;;;1224922;
352;;;;1238663;
353;;;;1290831;
354;;;;1216521;
355;;;;1291023;
356;;;;1285492;
357;;;;1282774;
358;;;;1201377;
359;;;;1266740;
360;;;;1295748;
361;;;;1393995;
362;;;;1337176;
363;;;;1335913;
364;;;;1341578;
365;;;;1323507;
366;;;;1359324;
367;;;;1311711;
368;;;;1334841;
369;;;;1358749;
370;;;;1309056;
371;;;;1398949;
372;;;;1360893;
373;;;;1330501;
374;;;;1364658;
375;;;;1371756;
376;;;;1365571;
377;;;;1316001;
378;;;;1397186;
379;;;;1341702;
380;;;;1396651;
381;;;;1353328;
382;;;;1398446;
383;;;;1355255;
384;;;;1335253;
385;;;;1390460;
386;;;;1376631;
387;;;;1388511;
388;;;;1330075;
389;;;;1362088;
390;;;;1362498;
391;;;;1478825;
392;;;;1489153;
393;;;;1434186;
394;;;;1432739;
395;;;;1429238;
396;;;;1419158;
397;;;;1492775;
398;;;;1426442;
399;;;;1478797;
400;;;;1442916;
401;;;;1484507;
402;;;;1442757;
403;;;;1454022;
404;;;;1455800;
405;;;;1417887;
406;;;;1452054;
407;;;;1463924;
408;;;;1466631;
409;;;;1449642;
410;;;;1480860;
411;;;;1488876;
412;;;;1463978;
413;;;;1433226;
414;;;;1469333;
415;;;;1458313;
416;;;;1459346;
417;;;;1443420;
418;;;;1419306;
419;;;;1424047;
420;;;;1460794;
421;;;;1505246;
422;;;;1550694;
423;;;;1533785;
424;;;;1589520;
425;;;;1514518;
426;;;;1527907;
427;;;;1531365;
428;;;;1501560;
429;;;;1590478;
430;;;;1505757;
431;;;;1586137;
432;;;;1506597;
433;;;;1533869;
434;;;;1536183;
435;;;;1528366;
436;;;;1516291;
437;;;;1598711;
438;;;;1551811;
439;;;;1554431;
440;;;;1537846;
441;;;;1516443;
442;;;;1516936;
443;;;;1503484;
444;;;;1564645;
445;;;;1580024;
446;;;;1516191;
447;;;;1571726;
448;;;;1513207;
449;;;;1591039;
450;;;;1549314;
451;;;;1699592;
452;;;;1691811;
453;;;;1699272;
454;;;;1688619;
455;;;;1631034;
456;;;;1698430;
457;;;;1683032;
458;;;;1623314;
459;;;;1641478;
460;;;;1666728;
461;;;;1666979;
462;;;;1637880;
463;;;;1686380;
464;;;;1661302;
465;;;;1685332;
466;;;;1629902;
467;;;;1677864;
468;;;;1680168;
469;;;;1624562;
470;;;;1652492;
471;;;;1668791;
472;;;;1602192;
473;;;;1646923;
474;;;;1641467;
475;;;;1628274;
476;;;;1643792;
477;;;;1695175;
478;;;;1638747;
479;;;;1608401;
480;;;;1684220;
481;;;;1705823;
482;;;;1737606;
483;;;;1790108;
484;;;;1764648;
485;;;;1744795;
486;;;;1787910;
487;;;;1702594;
488;;;;1792153;
489;;;;1775396;
490;;;;1716080;
491;;;;1783562;
492;;;;1705006;
493;;;;1710879;
494;;;;1736241;
495;;;;1762791;
496;;;;1731830;
497;;;;1782348;
498;;;;1755365;
499;;;;1707694;
500;;;;1762087;
501;;;;1724994;
502;;;;1712696;
503;;;;1768803;
504;;;;1775802;
505;;;;1741901;
506;;;;1736345;
507;;;;1716015;
508;;;;1753813;
509;;;;1748238;
510;;;;1750441;
511;;;;1869359;
512;;;;1849683;
513;;;;1819021;
514;;;;1867449;
515;;;;1879793;
516;;;;1865400;
517;;;;1867993;
518;;;;1884252;
519;;;;1867279;
520;;;;1833688;
521;;;;1856835;
522;;;;1820160;
523;;;;1812801;
524;;;;1819544;
525;;;;1881118;
526;;;;1815273;
527;;;;1813907;
528;;;;1852768;
529;;;;1888068;
530;;;;1828882;
531;;;;1837358;
532;;;;1826344;
533;;;;1876866;
534;;;;1861838;
535;;;;1862679;
536;;;;1850749;
537;;;;1897633;
538;;;;1855980;
539;;;;1845622;
540;;;;1828402;
541;;;;1937504;
542;;;;1945510;
543;;;;1941804;
544;;;;1915914;
545;;;;1906068;
546;;;;1928779;
547;;;;1900650;
548;;;;1910661;
549;;;;1961251;
550;;;;1976778;
551;;;;1917413;
552;;;;1934211;
553;;;;1921297;
554;;;;1920787;
555;;;;1995810;
556;;;;1908786;
557;;;;1950391;
558;;;;1973604;
559;;;;1982501;
560;;;;1933201;
561;;;;1909791;
562;;;;1970058;
563;;;;1960800;
564;;;;1907377;
565;;;;1975036;
566;;;;1917947;
567;;;;1914784;
568;;;;1986491;
569;;;;1925215;
570;;;;1921368;
571;;;;2004418;
572;;;;2002597;
573;;;;2030209;
574;;;;2069508;
575;;;;2063494;
576;;;;2001638;
577;;;;2054295;
578;;;;2009869;
579;;;;2069980;
580;;;;2084945;
581;;;;2081930;
582;;;;2043207;
583;;;;2005225;
584;;;;2083470;
585;;;;2033932;
586;;;;2092796;
587;;;;2027820;
588;;;;2086407;
589;;;;2010343;
590;;;;2082739;
591;;;;2077370;
592;;;;2057226;
593;;;;2094477;
594;;;;2055406;
595;;;;2012756;
596;;;;2014887;
597;;;;2086414;
598;;;;2056178;
599;;;;2087334;
600;;;;2009049;
601;;;;2166141;
602;;;;2175664;
603;;;;2134185;
604;;;;2153171;
605;;;;2196839;
606;;;;2123838;
607;;;;2180494;
608;;;;2167023;
609;;;;2146765;
610;;;;2132859;
611;;;;2105688;
612;;;;2151244;
613;;;;2103452;
614;;;;2192095;
615;;;;2134110;
616;;;;2175260;
617;;;;2126584;
618;;;;2144669;
619;;;;2106252;
620;;;;2154453;
621;;;;2198710;
622;;;;2178504;
623;;;;2162120;
624;;;;2166422;
625;;;;2142968;
626;;;;2111266;
627;;;;2155537;
628;;;;2161611;
629;;;;2118320;
630;;;;2148690;
631;;;;2293389;
632;;;;2210146;
633;;;;2289233;
634;;;;2299461;
635;;;;2257999;
636;;;;2293862;
637;;;;2295623;
638;;;;2264478;
639;;;;2215839;
640;;;;2213859;
641;;;;2201790;
642;;;;2269445;
643;;;;2273036;
644;;;;2249187;
645;;;;2290383;
646;;;;2220716;
647;;;;2271741;
648;;;;2281026;
649;;;;2269072;
650;;;;2261280;
651;;;;2207036;
652;;;;2245627;
653;;;;2229803;
654;;;;2208410;
655;;;;2207905;
656;;;;2227755;
657;;;;2275388;
658;;;;2203465;
659;;;;2219409;
660;;;;2281732;
661;;;;2374075;
662;;;;2360335;
663;;;;2380029;
664;;;;2392248;
665;;;;2376727;
666;;;;2370844;
667;;;;2311829;
668;;;;2338961;
669;;;;2355257;
670;;;;2315049;
671;;;;2391574;
672;;;;2324518;
673;;;;2392084;
674;;;;2301398;
675;;;;2344460;
676;;;;2328622;
677;;;;2361419;
678;;;;2384346;
679;;;;2313821;
680;;;;2332362;
681;;;;2321668;
682;;;;2378631;
683;;;;2380331;
684;;;;2322656;
685;;;;2337029;
686;;;;2315252;
687;;;;2347413;
688;;;;2329283;
689;;;;2337361;
690;;;;2358314;
691;;;;2495197;
692;;;;2411246;
693;;;;2458490;
694;;;;2472900;
695;;;;2423869;
696;;;;2491833;
697;;;;2422832;
698;;;;2455489;
699;;;;2413853;
700;;;;2483583;
701;;;;2461757;
702;;;;2465848;
703;;;;2417191;
704;;;;2445683;
705;;;;2460756;
706;;;;2413072;
707;;;;2443319;
708;;;;2408483;
709;;;;2420030;
710;;;;2417586;
711;;;;2485760;
712;;;;2437444;
713;;;;2468890;
714;;;;2479818;
715;;;;2414828;
716;;;;2483632;
717;;;;2432708;
718;;;;2474518;
719;;;;2408787;
720;;;;2475757;
721;;;;2557239;
722;;;;2501375;
723;;;;2550731;
724;;;;2560522;
725;;;;2542110;
726;;;;2589655;
727;;;;2541364;
728;;;;2527664;
729;;;;2521505;
730;;;;2566518;
731;;;;2586098;
732;;;;2518774;
733;;;;2531568;
734;;;;2599565;
735;;;;2508758;
736;;;;2521483;
737;;;;2537947;
738;;;;2575553;
739;;;;2598445;
740;;;;2524480;
741;;;;2508983;
742;;;;2570529;
743;;;;2586670;
744;;;;2534690;
745;;;;2599843;
746;;;;2547885;
747;;;;2599487;
748;;;;2585838;
749;;;;2571448;
750;;;;2548308;
751;;;;2630724;
752;;;;2606195;
753;;;;2678516;
754;;;;2620213;
755;;;;2609454;
756;;;;2639260;
757;;;;2600172;
758;;;;2668977;
759;;;;2655607;
760;;;;2623754;
761;;;;2606351;
762;;;;2678105;
763;;;;2621539;
764;;;;2689787;
765;;;;2653314;
766;;;;2614780;
767;;;;2629665;
768;;;;2674384;
769;;;;2681644;
770;;;;2652420;
771;;;;2628450;
772;;;;2686555;
773;;;;2657514;
774;;;;2609848;
775;;;;2623987;
776;;;;2643096;
777;;;;2611557;
778;;;;2654419;
779;;;;2606757;
780;;;;2616700;
781;;;;2752351;
782;;;;2719519;
783;;;;2722078;
784;;;;2783224;
785;;;;2722108;
786;;;;2792462;
787;;;;2742577;
788;;;;2769620;
789;;;;2754362;
790;;;;2714647;
791;;;;2716026;
792;;;;2781928;
793;;;;2716064;
794;;;;2773345;
795;;;;2740077;
796;;;;2729293;
797;;;;2790092;
798;;;;2777469;
799;;;;2728634;
800;;;;2700845;
801;;;;2738536;
802;;;;2726645;
803;;;;2794504;
804;;;;2787134;
805;;;;2716289;
806;;;;2779953;
807;;;;2758202;
808;;;;2793858;
809;;;;2735395;
810;;;;2778291;
811;;;;2861799;
812;;;;2866861;
813;;;;2812942;
814;;;;2813609;
815;;;;2853483;
816;;;;2896125;
817;;;;2829608;
818;;;;2856543;
819;;;;2865560;
820;;;;2888458;
821;;;;2830279;
822;;;;2857579;
823;;;;2819979;
824;;;;2883637;
825;;;;2809365;
826;;;;2835470;
827;;;;2820158;
828;;;;2801568;
829;;;;2857745;
830;;;;2872846;
831;;;;2865591;
832;;;;2813651;
833;;;;2878284;
834;;;;2809565;
835;;;;2831216;
836;;;;2878963;
837;;;;2852802;
838;;;;2892568;
839;;;;2873792;
840;;;;2819165;
841;;;;2969790;
842;;;;2937923;
843;;;;2928619;
844;;;;2990147;
845;;;;2902171;
846;;;;2938154;
847;;;;2971441;
848;;;;2958841;
849;;;;2927998;
850;;;;2988993;
851;;;;2969587;
852;;;;2961576;
853;;;;2994849;
854;;;;2909794;
855;;;;2982171;
856;;;;2906905;
857;;;;2936585;
858;;;;2935683;
859;;;;2938812;
860;;;;2972241;
861;;;;2963380;
862;;;;2948648;
863;;;;2927586;
864;;;;2901170;
865;;;;2940822;
866;;;;2910534;
867;;;;2960808;
868;;;;2994769;
869;;;;2969727;
870;;;;2933950;
871;;;;3000193;
872;;;;3040393;
873;;;;3085466;
874;;;;3025091;
875;;;;3005078;
876;;;;3081187;
877;;;;3018737;
878;;;;3007846;
879;;;;3022268;
880;;;;3088398;
881;;;;3050458;
882;;;;3024032;
883;;;;3075148;
884;;;;3085569;
885;;;;3028254;
886;;;;3004344;
887;;;;3010456;
888;;;;3027020;
889;;;;3020535;
890;;;;3042099;
891;;;;3002828;
892;;;;3023268;
893;;;;3067812;
894;;;;3044057;
895;;;;3007761;
896;;;;3020430;
897;;;;3034316;
898;;;;3014030;
899;;;;3090882;
900;;;;3013618;
901;;;;3132609;
902;;;;3173926;
903;;;;3105037;
904;;;;3175289;
905;;;;3137916;
906;;;;3122984;
907;;;;3172633;
908;;;;3151653;
909;;;;3135949;
910;;;;3172400;
911;;;;3133835;
912;;;;3155844;
913;;;;3122685;
914;;;;3194769;
915;;;;3110514;
916;;;;3159699;
917;;;;3173267;
918;;;;3181266;
919;;;;3178837;
920;;;;3143110;
921;;;;3113065;
922;;;;3142411;
923;;;;3138565;
924;;;;3124750;
925;;;;3132816;
926;;;;3166977;
927;;;;3198195;
928;;;;3164705;
929;;;;3194441;
930;;;;3197572;
931;;;;3260452;
932;;;;3201808;
933;;;;3260770;
934;;;;3234415;
935;;;;3291046;
936;;;;3213361;
937;;;;3252108;
938;;;;3231911;
939;;;;3287265;
940;;;;3229061;
941;;;;3256250;
942;;;;3286423;
943;;;;3257668;
944;;;;3240932;
945;;;;3212038;
946;;;;3265862;
947;;;;3291827;
948;;;;3281433;
949;;;;3278145;
950;;;;3298682;
951;;;;3289492;
952;;;;3235811;
953;;;;3201384;
954;;;;3207641;
955;;;;3292016;
956;;;;3260429;
957;;;;3271920;
958;;;;3225506;
959;;;;3271800;
960;;;;3221885;
961;;;;3398790;
962;;;;3346088;
963;;;;3306098;
964;;;;3311372;
965;;;;3304395;
966;;;;3331610;
967;;;;3311990;
968;;;;3393702;
969;;;;3360860;
970;;;;3377114;
971;;;;3341970;
972;;;;3341202;
973;;;;3332322;
974;;;;3342512;
975;;;;3388374;
976;;;;3334255;
977;;;;3370767;
978;;;;3381902;
979;;;;3314457;
980;;;;3360922;
981;;;;3320058;
982;;;;3359275;
983;;;;3384561;
984;;;;3334225;
985;;;;3344999;
986;;;;3365068;
987;;;;3338834;
988;;;;3379496;
989;;;;3398154;
990;;;;3328840;
991;;;;3439438;
992;;;;3449356;
993;;;;3428502;
994;;;;3497147;
995;;;;3484699;
996;;;;3402896;
997;;;;3483636;
998;;;;3448684;
999;;;;3420271;
1000;;;;3457971;
1001;;;;3476535;
1002;;;;3454733;
1003;;;;3442606;
1004;;;;3425493;
1005;;;;3481318;
1006;;;;3447544;
1007;;;;3471134;
1008;;;;3468841;
1009;;;;3429480;
1010;;;;3401541;
1011;;;;3483225;
1012;;;;3417271;
1013;;;;3474387;
1014;;;;3475660;
1015;;;;3489028;
1016;;;;3402057;
1017;;;;3414137;
1018;;;;3464591;
1019;;;;3476605;
1020;;;;3448105;
1021;;;;3519411;
1022;;;;3522428;
1023;;;;3523346;
1024;;;;3501160;
1025;;;;3533793;
1026;;;;3534244;
1027;;;;3575417;
1028;;;;3563915;
1029;;;;3573808;
1030;;;;3551967;
1031;;;;3599079;
1032;;;;3540364;
1033;;;;3583034;
1034;;;;3579760;
1035;;;;3534414;
1036;;;;3527513;
1037;;;;3521339;
1038;;;;3537973;
1039;;;;3546649;
1040;;;;3511888;
1041;;;;3592233;
1042;;;;3566127;
1043;;;;3555988;
1044;;;;3582589;
1045;;;;3592656;
1046;;;;3556835;
1047;;;;3563796;
1048;;;;3516228;
1049;;;;3507306;
1050;;;;3528987;
1051;;;;3687042;
1052;;;;3660954;
1053;;;;3651720;
1054;;;;3634667;
1055;;;;3656496;
1056;;;;3611509;
1057;;;;3639734;
1058;;;;3690495;
1059;;;;3684767;
1060;;;;3670246;
1061;;;;3690340;
1062;;;;3605156;
1063;;;;3619582;
1064;;;;3608258;
1065;;;;3674340;
1066;;;;3602027;
1067;;;;3662806;
1068;;;;3680205;
1069;;;;3682541;
1070;;;;3675900;
1071;;;;3688413;
1072;;;;3652555;
1073;;;;3632712;
1074;;;;3640260;
1075;;;;3685230;
1076;;;;3631531;
1077;;;;3651902;
1078;;;;3625581;
1079;;;;3602374;
1080;;;;3661488;
1081;;;;3747360;
1082;;;;3739282;
1083;;;;3734435;
1084;;;;3766024;
1085;;;;3712750;
1086;;;;3711259;
1087;;;;3709646;
1088;;;;3777596;
1089;;;;3783127;
1090;;;;3769371;
1091;;;;3788353;
1092;;;;3736562;
1093;;;;3756120;
1094;;;;3779839;
1095;;;;3741363;
1096;;;;3702339;
1097;;;;3742877;
1098;;;;3721478;
1099;;;;3762484;
1100;;;;3756439;
1101;;;;3748175;
1102;;;;3757781;
1103;;;;3772350;
1104;;;;3718255;
1105;;;;3702851;
1106;;;;3730774;
1107;;;;3772399;
1108;;;;3785763;
1109;;;;3794629;
1110;;;;3774800;
1111;;;;3831226;
1112;;;;3845723;
1113;;;;3829669;
1114;;;;3854431;
1115;;;;3882555;
1116;;;;3852033;
1117;;;;3807420;
1118;;;;3806688;
1119;;;;3800866;
1120;;;;3882125;
1121;;;;3831886;
1122;;;;3844948;
1123;;;;3824567;
1124;;;;3866424;
1125;;;;3832528;
1126;;;;3810123;
1127;;;;3875454;
1128;;;;3810905;
1129;;;;3872038;
1130;;;;3879521;
1131;;;;3806458;
1132;;;;3826939;
1133;;;;3830576;
1134;;;;3809799;
1135;;;;3827120;
1136;;;;3800953;
1137;;;;3816951;
1138;;;;3878872;
1139;;;;3880348;
1140;;;;3895774;
1141;;;;3969182;
1142;;;;3929315;
1143;;;;3963158;
1144;;;;3933620;
1145;;;;3980115;
1146;;;;3991068;
1147;;;;3953872;
1148;;;;3919141;
1149;;;;3961487;
1150;;;;3921094;
1151;;;;3917429;
1152;;;;3991108;
1153;;;;3905192;
1154;;;;3940155;
1155;;;;3922661;
1156;;;;3939348;
1157;;;;3975627;
1158;;;;3961972;
1159;;;;3977797;
1160;;;;3993709;
1161;;;;3933290;
1162;;;;3933978;
1163;;;;3974346;
1164;;;;3910808;
1165;;;;3908678;
1166;;;;3937108;
1167;;;;3914134;
1168;;;;3917714;
1169;;;;3959993;
1170;;;;3950441;
1171;;;;4025083;
1172;;;;4081002;
1173;;;;4081605;
1174;;;;4002284;
1175;;;;4064363;
1176;;;;4061406;
1177;;;;4063171;
1178;;;;4045345;
1179;;;;4063734;
1180;;;;4024742;
1181;;;;4011747;
1182;;;;4011962;
1183;;;;4052569;
1184;;;;4061506;
1185;;;;4016989;
1186;;;;4040315;
1187;;;;4063647;
1188;;;;4045931;
1189;;;;4019466;
1190;;;;4043793;
1191;;;;4031939;
1192;;;;4098930;
1193;;;;4050314;
1194;;;;4016009;
1195;;;;4011967;
1196;;;;4050030;
1197;;;;4047131;
1198;;;;4003907;
1199;;;;4095737;
1200;;;;4024324;
1201;;;;4134630;
1202;;;;4138142;
1203;;;;4118922;
1204;;;;4103694;
1205;;;;4139012;
1206;;;;4184616;
1207;;;;4115178;
1208;;;;4111726;
1209;;;;4194497;
1210;;;;4170130;
1211;;;;4157968;
1212;;;;4124296;
1213;;;;4190108;
1214;;;;4102085;
1215;;;;4168917;
1216;;;;4179782;
1217;;;;4174070;
1218;;;;4199428;
1219;;;;4111922;
1220;;;;4183581;
1221;;;;4105907;
1222;;;;4167646;
1223;;;;4192099;
1224;;;;4119861;
1225;;;;4177270;
1226;;;;4155304;
1227;;;;4140041;
1228;;;;4171945;
1229;;;;4153763;
1230;;;;4178254;
1231;;;;4233260;
1232;;;;4231662;
1233;;;;4201316;
1234;;;;4248733;
1235;;;;4229606;
1236;;;;4207433;
1237;;;;4297614;
1238;;;;4275631;
1239;;;;4284315;
1240;;;;4296469;
1241;;;;4279949;
1242;;;;4255698;
1243;;;;4299660;
1244;;;;4204667;
1245;;;;4274216;
1246;;;;4281228;
1247;;;;4220715;
1248;;;;4267036;
1249;;;;4293559;
1250;;;;4266422;
1251;;;;4220742;
1252;;;;4233366;
1253;;;;4218699;
1254;;;;4215729;
1255;;;;4231297;
1256;;;;4226369;
1257;;;;4268033;
1258;;;;4227663;
1259;;;;4228197;
1260;;;;4211383;
1261;;;;4322542;
1262;;;;4327853;
1263;;;;4382185;
1264;;;;4351218;
1265;;;;4353673;
1266;;;;4338467;
1267;;;;4378923;
1268;;;;4315001;
1269;;;;4339357;
1270;;;;4380912;
1271;;;;4377644;
1272;;;;4397334;
1273;;;;4301303;
1274;;;;4362973;
1275;;;;4301236;
1276;;;;4302793;
1277;;;;4397061;
1278;;;;4355988;
1279;;;;4338069;
1280;;;;4333130;
1281;;;;4343166;
1282;;;;4386966;
1283;;;;4326332;
1284;;;;4358847;
1285;;;;4378675;
1286;;;;4351864;
1287;;;;4391718;
1288;;;;4340536;
1289;;;;4316350;
1290;;;;4351835;
1291;;;;4450318;
1292;;;;4497974;
1293;;;;4437518;
1294;;;;4445899;
1295;;;;4451687;
1296;;;;4464848;
1297;;;;4440982;
1298;;;;4477965;
1299;;;;4440291;
1300;;;;4414703;
1301;;;;4475534;
1302;;;;4429804;
1303;;;;4464452;
1304;;;;4473079;
1305;;;;4451071;
1306;;;;4428598;
1307;;;;4496440;
1308;;;;4486967;
1309;;;;4433288;
1310;;;;4455153;
1311;;;;4410427;
1312;;;;4464614;
1313;;;;4451195;
1314;;;;4417204;
1315;;;;4404722;
1316;;;;4468883;
1317;;;;4420372;
1318;;;;4413685;
1319;;;;4403622;
1320;;;;4423054;
1321;;;;4545818;
1322;;;;4517606;
1323;;;;4502649;
1324;;;;4586254;
1325;;;;4586758;
1326;;;;4507102;
1327;;;;4564856;
1328;;;;4576446;
1329;;;;4504968;
1330;;;;4585410;
1331;;;;4580665;
1332;;;;4546267;
1333;;;;4553248;
1334;;;;4581525;
1335;;;;4513910;
1336;;;;4580532;
1337;;;;4552228;
1338;;;;4577503;
1339;;;;4526740;
1340;;;;4553206;
1341;;;;4572973;
1342;;;;4506459;
1343;;;;4561193;
1344;;;;4507058;
1345;;;;4548413;
1346;;;;4557777;
1347;;;;4535932;
1348;;;;4533879;
1349;;;;4584093;
1350;;;;4549145;
1351;;;;4699431;
1352;;;;4688856;
1353;;;;4658152;
1354;;;;4639527;
1355;;;;4650150;
1356;;;;4659064;
1357;;;;4655408;
1358;;;;4658734;
1359;;;;4639344;
1360;;;;4658311;
1361;;;;4606122;
1362;;;;4617113;
1363;;;;4667918;
1364;;;;4686750;
1365;;;;4619944;
1366;;;;4649381;
1367;;;;4649761;
1368;;;;4698910;
1369;;;;4638729;
1370;;;;4660636;
1371;;;;4664669;
1372;;;;4600938;
1373;;;;4608784;
1374;;;;4697289;
1375;;;;4621703;
1376;;;;4676330;
1377;;;;4609465;
1378;;;;4647630;
1379;;;;4643921;
1380;;;;4631969;
1381;;;;4788069;
1382;;;;4743587;
1383;;;;4758705;
1384;;;;4725298;
1385;;;;4733226;
1386;;;;4736832;
1387;;;;4772188;
1388;;;;4702251;
1389;;;;4701072;
1390;;;;4750779;
1391;;;;4760383;
1392;;;;4791975;
1393;;;;4715724;
1394;;;;4762798;
1395;;;;4789086;
1396;;;;4733601;
1397;;;;4766194;
1398;;;;4759646;
1399;;;;4716298;
1400;;;;4765134;
1401;;;;4702300;
1402;;;;4704474;
1403;;;;4763182;
1404;;;;4763137;
1405;;;;4785314;
1406;;;;4728941;
1407;;;;4744385;
1408;;;;4748995;
1409;;;;4745963;
1410;;;;4712736;
1411;;;;4842184;
1412;;;;4860264;
1413;;;;4830978;
1414;;;;4842732;
1415;;;;4838824;
1416;;;;4814788;
1417;;;;4833051;
1418;;;;4852278;
1419;;;;4871969;
1420;;;;4880254;
1421;;;;4848320;
1422;;;;4874543;
1423;;;;4838644;
1424;;;;4889616;
1425;;;;4848744;
1426;;;;4862587;
1427;;;;4803635;
1428;;;;4870025;
1429;;;;4835409;
1430;;;;4889840;
1431;;;;4859823;
1432;;;;4829688;
1433;;;;4838101;
1434;;;;4877289;
1435;;;;4881522;
1436;;;;4841235;
1437;;;;4828501;
1438;;;;4893052;
1439;;;;4899009;
1440;;;;4828656;
1441;;;;4963816;
1442;;;;4906720;
1443;;;;4935886;
1444;;;;4998004;
1445;;;;4929320;
1446;;;;4935800;
1447;;;;4956438;
1448;;;;4904477;
1449;;;;4940239;
1450;;;;4993793;
1451;;;;4921254;
1452;;;;4939919;
1453;;;;4906540;
1454;;;;4945492;
1455;;;;4914347;
1456;;;;4923002;
1457;;;;4942478;
1458;;;;4980782;
1459;;;;4969923;
1460;;;;4996836;
1461;;;;4915040;
1462;;;;4986497;
1463;;;;4973911;
1464;;;;4980158;
1465;;;;4932825;
1466;;;;4912206;
1467;;;;4982186;
1468;;;;4927366;
1469;;;;4903905;
1470;;;;4908524;
1471;;;;5046729;
1472;;;;5024144;
1473;;;;5073692;
1474;;;;5031968;
1475;;;;5057157;
1476;;;;5066628;
1477;;;;5016488;
1478;;;;5040255;
1479;;;;5073843;
1480;;;;5007494;
1481;;;;5035140;
1482;;;;5091663;
1483;;;;5057005;
1484;;;;5084610;
1485;;;;5028302;
1486;;;;5061011;
1487;;;;5044659;
1488;;;;5065131;
1489;;;;5058858;
1490;;;;5043305;
1491;;;;5032373;
1492;;;;5064566;
1493;;;;5061026;
1494;;;;5008122;
1495;;;;5037012;
1496;;;;5085616;
1497;;;;5015952;
1498;;;;5031688;
1499;;;;5024936;
1500;;;;5064586;
1501;;;;5171473;
1502;;;;5176838;
1503;;;;5155340;
1504;;;;5167235;
1505;;;;5116010;
1506;;;;5167416;
1507;;;;5119757;
1508;;;;5102396;
1509;;;;5124269;
1510;;;;5122755;
1511;;;;5136137;
1512;;;;5110562;
1513;;;;5118193;
1514;;;;5180620;
1515;;;;5134450;
1516;;;;5148213;
1517;;;;5184008;
1518;;;;5172838;
1519;;;;5104624;
1520;;;;5100473;
1521;;;;5140796;
1522;;;;5173405;
1523;;;;5179089;
1524;;;;5186179;
1525;;;;5108460;
1526;;;;5187134;
1527;;;;5147517;
1528;;;;5119150;
1529;;;;5163961;
1530;;;;5185702;
1531;;;;5270017;
1532;;;;5210423;
1533;;;;5296148;
1534;;;;5286791;
1535;;;;5276573;
1536;;;;5265846;
1537;;;;5212623;
1538;;;;5243385;
1539;;;;5278282;
1540;;;;5207887;
1541;;;;5206353;
1542;;;;5262957;
1543;;;;5256928;
1544;;;;5236175;
1545;;;;5274303;
1546;;;;5261150;
1547;;;;5286612;
1548;;;;5208403;
1549;;;;5226928;
1550;;;;5285593;
1551;;;;5207748;
1552;;;;5210926;
1553;;;;5290262;
1554;;;;5246097;
1555;;;;5231333;
1556;;;;5221971;
1557;;;;5228902;
1558;;;;5272365;
1559;;;;5296522;
1560;;;;5286995;
1561;;;;5362796;
1562;;;;5311708;
1563;;;;5383774;
1564;;;;5394631;
1565;;;;5313775;
1566;;;;5396185;
1567;;;;5374744;
1568;;;;5335516;
1569;;;;5349017;
1570;;;;5341214;
1571;;;;5332700;
1572;;;;5330649;
1573;;;;5311395;
1574;;;;5383134;
1575;;;;5378470;
1576;;;;5312133;
1577;;;;5367548;
1578;;;;5367822;
1579;;;;5384323;
1580;;;;5390703;
1581;;;;5318266;
1582;;;;5328842;
1583;;;;5310975;
1584;;;;5373366;
1585;;;;5354086;
1586;;;;5348618;
1587;;;;5303720;
1588;;;;5335819;
1589;;;;5303000;
1590;;;;5358485;
1591;;;;5404013;
1592;;;;5465137;
1593;;;;5404077;
1594;;;;5401292;
1595;;;;5420620;
1596;;;;5467816;
1597;;;;5441043;
1598;;;;5440854;
1599;;;;5455963;
1600;;;;5467496;
1601;;;;5472634;
1602;;;;5470261;
1603;;;;5480394;
1604;;;;5464559;
1605;;;;5400597;
1606;;;;5486426;
1607;;;;5410883;
1608;;;;5425341;
1609;;;;5453183;
1610;;;;5465710;
1611;;;;5471121;
1612;;;;5481734;
1613;;;;5444423;
1614;;;;5475810;
1615;;;;5407425;
1616;;;;5478150;
1617;;;;5413225;
1618;;;;5431714;
1619;;;;5415958;
1620;;;;5423315;
1621;;;;5532284;
1622;;;;5585391;
1623;;;;5530453;
1624;;;;5509470;
1625;;;;5598694;
1626;;;;5541783;
1627;;;;5522550;
1628;;;;5503632;
1629;;;;5587322;
1630;;;;5563210;
1631;;;;5520999;
1632;;;;5533111;
1633;;;;5554419;
1634;;;;5541315;
1635;;;;5559281;
1636;;;;5555577;
1637;;;;5550759;
1638;;;;5579391;
1639;;;;5555596;
1640;;;;5554885;
1641;;;;5534463;
1642;;;;5551819;
1643;;;;5556932;
1644;;;;5591221;
1645;;;;5537696;
1646;;;;5535013;
1647;;;;5555801;
1648;;;;5515397;
1649;;;;5525329;
1650;;;;5561184;
1651;;;;5621191;
1652;;;;5682693;
1653;;;;5695875;
1654;;;;5699139;
1655;;;;5685428;
1656;;;;5649067;
1657;;;;5648967;
1658;;;;5605075;
1659;;;;5636024;
1660;;;;5662475;
1661;;;;5636189;
1662;;;;5692898;
1663;;;;5654750;
1664;;;;5656653;
1665;;;;5619012;
1666;;;;5658495;
1667;;;;5602210;
1668;;;;5610390;
1669;;;;5625401;
1670;;;;5655711;
1671;;;;5602104;
1672;;;;5635284;
1673;;;;5688719;
1674;;;;5682022;
1675;;;;5604855;
1676;;;;5690162;
1677;;;;5626547;
1678;;;;5607225;
1679;;;;5671352;
1680;;;;5633535;
1681;;;;5783069;
1682;;;;5755961;
1683;;;;5729873;
1684;;;;5767180;
1685;;;;5776202;
1686;;;;5754507;
1687;;;;5718114;
1688;;;;5707003;
1689;;;;5722310;
1690;;;;5777886;
1691;;;;5795316;
1692;;;;5756007;
1693;;;;5781593;
1694;;;;5700010;
1695;;;;5743375;
1696;;;;5744223;
1697;;;;5782913;
1698;;;;5767067;
1699;;;;5774924;
1700;;;;5723425;
1701;;;;5756894;
1702;;;;5733966;
1703;;;;5725827;
1704;;;;5728425;
1705;;;;5719012;
1706;;;;5743596;
1707;;;;5704393;
1708;;;;5773760;
1709;;;;5749522;
1710;;;;5724067;
1711;;;;5868669;
1712;;;;5880349;
1713;;;;5895425;
1714;;;;5889956;
1715;;;;5899652;
1716;;;;5887794;
1717;;;;5845201;
1718;;;;5829153;
1719;;;;5815967;
1720;;;;5844749;
1721;;;;5833998;
1722;;;;5818687;
1723;;;;5802232;
1724;;;;5836152;
1725;;;;5857743;
1726;;;;5849713;
1727;;;;5875765;
1728;;;;5857426;
1729;;;;5813846;
1730;;;;5817333;
1731;;;;5859123;
1732;;;;5856338;
1733;;;;5860447;
1734;;;;5809542;
1735;;;;5815509;
1736;;;;5812755;
1737;;;;5810432;
1738;;;;5888911;
1739;;;;5888232;
1740;;;;5803257;
1741;;;;5947397;
1742;;;;5931916;
1743;;;;5953606;
1744;;;;5998590;
1745;;;;5977990;
1746;;;;5920455;
1747;;;;5920350;
1748;;;;5919110;
1749;;;;5986356;
1750;;;;5995554;
1751;;;;5962162;
1752;;;;5928264;
1753;;;;5988414;
1754;;;;5942363;
1755;;;;5945071;
1756;;;;5977632;
1757;;;;5909425;
1758;;;;5974491;
1759;;;;5987039;
1760;;;;5948185;
1761;;;;5952060;
1762;;;;5913776;
1763;;;;5908650;
1764;;;;5912461;
1765;;;;5964968;
1766;;;;5991609;
1767;;;;5916222;
1768;;;;5924691;
1769;;;;5920985;
1770;;;;5900746;
1771;;;;6091187;
1772;;;;6097868;
1773;;;;6088501;
1774;;;;6083543;
1775;;;;6076375;
1776;;;;6087552;
1777;;;;6024343;
1778;;;;6003190;
1779;;;;6008969;
1780;;;;6004258;
1781;;;;6052589;
1782;;;;6007662;
1783;;;;6089713;
1784;;;;6012732;
1785;;;;6074060;
1786;;;;6006422;
1787;;;;6038487;
1788;;;;6039406;
1789;;;;6078540;
1790;;;;6096369;
1791;;;;6054361;
1792;;;;6046789;
1793;;;;6002841;
1794;;;;6058098;
1795;;;;6077732;
1796;;;;6082819;
1797;;;;6087323;
1798;;;;6046025;
1799;;;;6002786;
1800;;;;6093503;
1801;;;;6137111;
1802;;;;6139320;
1803;;;;6120763;
1804;;;;6110923;
1805;;;;6152530;
1806;;;;6122482;
1807;;;;6181092;
1808;;;;6112144;
1809;;;;6127504;
1810;;;;6182584;
1811;;;;6183746;
1812;;;;6187935;
1813;;;;6111611;
1814;;;;6192317;
1815;;;;6183544;
1816;;;;6192640;
1817;;;;6113497;
1818;;;;6117400;
1819;;;;6191263;
1820;;;;6135677;
1821;;;;6146000;
1822;;;;6150315;
1823;;;;6133882;
1824;;;;6169009;
1825;;;;6100136;
1826;;;;6157214;
1827;;;;6196006;
1828;;;;6115647;
1829;;;;6118006;
1830;;;;6136537;
1831;;;;6254867;
1832;;;;6251473;
1833;;;;6297908;
1834;;;;6261326;
1835;;;;6214425;
1836;;;;6205268;
1837;;;;6291378;
1838;;;;6203050;
1839;;;;6235835;
1840;;;;6269702;
1841;;;;6232674;
1842;;;;6228945;
1843;;;;6284611;
1844;;;;6252457;
1845;;;;6259343;
1846;;;;6291261;
1847;;;;6240317;
1848;;;;6273677;
1849;;;;6216187;
1850;;;;6234980;
1851;;;;6274918;
1852;;;;6230956;
1853;;;;6210651;
1854;;;;6243510;
1855;;;;6233651;
1856;;;;6249548;
1857;;;;6252253;
1858;;;;6218314;
1859;;;;6203468;
1860;;;;6261222;
1861;;;;6336501;
1862;;;;6374139;
1863;;;;6399125;
1864;;;;6344486;
1865;;;;6388034;
1866;;;;6380612;
1867;;;;6394854;
1868;;;;6303916;
1869;;;;6381603;
1870;;;;6314852;
1871;;;;6344047;
1872;;;;6353724;
1873;;;;6301997;
1874;;;;6349031;
1875;;;;6372232;
1876;;;;6364740;
1877;;;;6399403;
1878;;;;6316798;
1879;;;;6320019;
1880;;;;6386989;
1881;;;;6305239;
1882;;;;6340424;
1883;;;;6341482;
1884;;;;6380950;
1885;;;;6388080;
1886;;;;6396695;
1887;;;;6360183;
1888;;;;6313455;
1889;;;;6399738;
1890;;;;6391897;
1891;;;;6497596;
1892;;;;6459318;
1893;;;;6487805;
1894;;;;6421976;
1895;;;;6446619;
1896;;;;6441030;
1897;;;;6472832;
1898;;;;6448170;
1899;;;;6405796;
1900;;;;6432729;
1901;;;;6446508;
1902;;;;6445059;
1903;;;;6413296;
1904;;;;6443460;
1905;;;;6446625;
1906;;;;6425798;
1907;;;;6464524;
1908;;;;6446041;
1909;;;;6495414;
1910;;;;6416752;
1911;;;;6480843;
1912;;;;6446916;
1913;;;;6478030;
1914;;;;6457761;
1915;;;;6485737;
1916;;;;6414490;
1917;;;;6467151;
1918;;;;6459841;
1919;;;;6442955;
1920;;;;6401277;
1921;;;;6546310;
1922;;;;6513552;
1923;;;;6561087;
1924;;;;6523607;
1925;;;;6575970;
1926;;;;6548175;
1927;;;;6592223;
1928;;;;6523788;
1929;;;;6504002;
1930;;;;6573533;
1931;;;;6531929;
1932;;;;6597715;
1933;;;;6530752;
1934;;;;6518686;
1935;;;;6548159;
1936;;;;6542296;
1937;;;;6563755;
1938;;;;6575347;
1939;;;;6587862;
1940;;;;6517176;
1941;;;;6582497;
1942;;;;6543973;
1943;;;;6553639;
1944;;;;6520465;
1945;;;;6525201;
1946;;;;6551868;
1947;;;;6544094;
1948;;;;6574871;
1949;;;;6523596;
1950;;;;6541798;
1951;;;;6621351;
1952;;;;6640337;
1953;;;;6618228;
1954;;;;6660257;
1955;;;;6647196;
1956;;;;6673852;
1957;;;;6668403;
1958;;;;6655399;
1959;;;;6610733;
1960;;;;6660495;
1961;;;;6613222;
1962;;;;6690676;
1963;;;;6694434;
1964;;;;6689918;
1965;;;;6693966;
1966;;;;6633772;
1967;;;;6638561;
1968;;;;6685243;
1969;;;;6694747;
1970;;;;6622714;
1971;;;;6651757;
1972;;;;6648115;
1973;;;;6634490;
1974;;;;6668593;
1975;;;;6688762;
1976;;;;6658420;
1977;;;;6688163;
1978;;;;6690201;
1979;;;;6674624;
1980;;;;6668227;
1981;;;;6761637;
1982;;;;6798630;
1983;;;;6762988;
1984;;;;6727858;
1985;;;;6702364;
1986;;;;6773305;
1987;;;;6716770;
1988;;;;6756810;
1989;;;;6798386;
1990;;;;6711406;
1991;;;;6731967;
1992;;;;6734174;
1993;;;;6778145;
1994;;;;6710292;
1995;;;;6729057;
1996;;;;6777918;
1997;;;;6754941;
1998;;;;6778596;
1999;;;;6796401;
2000;;;;6792111;
2001;;;;6734130;
2002;;;;6781883;
2003;;;;6773868;
2004;;;;6794743;
2005;;;;6734075;
2006;;;;6717729;
2007;;;;6795409;
2008;;;;6749137;
2009;;;;6740127;
2010;;;;6791176;
2011;;;;6851068;
2012;;;;6857639;
2013;;;;6852503;
2014;;;;6854268;
2015;;;;6891803;
2016;;;;6850577;
2017;;;;6813819;
2018;;;;6877641;
2019;;;;6869429;
2020;;;;6878495;
2021;;;;6829610;
2022;;;;6897044;
2023;;;;6886878;
2024;;;;6875549;
2025;;;;6871813;
2026;;;;6889239;
2027;;;;6876838;
2028;;;;6883597;
2029;;;;6898475;
2030;;;;6825089;
2031;;;;6895187;
2032;;;;6847661;
2033;;;;6853837;
2034;;;;6862012;
2035;;;;6881029;
2036;;;;6864562;
2037;;;;6856765;
2038;;;;6840217;
2039;;;;6846120;
2040;;;;6888390;
2041;;;;6957169;
2042;;;;6912469;
2043;;;;6961647;
2044;;;;6919830;
2045;;;;6958670;
2046;;;;6976905;
2047;;;;6995212;
2048;;;;6922468;
2049;;;;6943008;
2050;;;;6971755;
2051;;;;6981359;
2052;;;;6932532;
2053;;;;6902733;
2054;;;;6996643;
2055;;;;6958759;
2056;;;;6953038;
2057;;;;6961096;
2058;;;;6903856;
2059;;;;6906880;
2060;;;;6928783;
2061;;;;6903279;
2062;;;;6913216;
2063;;;;6917727;
2064;;;;6942037;
2065;;;;6974463;
2066;;;;6948117;
2067;;;;6952170;
2068;;;;6908330;
2069;;;;6994876;
2070;;;;6962865;
2071;;;;7064900;
2072;;;;7024946;
2073;;;;7079887;
2074;;;;7089522;
2075;;;;7062659;
2076;;;;7021218;
2077;;;;7077267;
2078;;;;7039223;
2079;;;;7089378;
2080;;;;7006768;
2081;;;;7003068;
2082;;;;7009921;
2083;;;;7080807;
2084;;;;7063696;
2085;;;;7008545;
2086;;;;7044221;
2087;;;;7002519;
2088;;;;7031934;
2089;;;;7001492;
2090;;;;7016685;
2091;;;;7028382;
2092;;;;7092714;
2093;;;;7092743;
2094;;;;7067551;
2095;;;;7095345;
2096;;;;7055113;
2097;;;;7064202;
2098;;;;7050521;
2099;;;;7092466;
2100;;;;7073438;
2101;;;;7152486;
2102;;;;7194206;
2103;;;;7167087;
2104;;;;7123776;
2105;;;;7197834;
2106;;;;7151795;
2107;;;;7165804;
2108;;;;7140871;
2109;;;;7143842;
2110;;;;7167645;
2111;;;;7133217;
2112;;;;7176956;
2113;;;;7141122;
2114;;;;7157345;
2115;;;;7148923;
2116;;;;7119183;
2117;;;;7161683;
2118;;;;7146941;
2119;;;;7169271;
2120;;;;7153987;
2121;;;;7152645;
2122;;;;7196404;
2123;;;;7177546;
2124;;;;7199293;
2125;;;;7135362;
2126;;;;7151540;
2127;;;;7139294;
2128;;;;7189020;
2129;;;;7140704;
2130;;;;7139458;
2131;;;;7288415;
2132;;;;7266621;
2133;;;;7266095;
2134;;;;7257450;
2135;;;;7240011;
2136;;;;7254190;
2137;;;;7208949;
2138;;;;7241514;
2139;;;;7268077;
2140;;;;7252597;
2141;;;;7254865;
2142;;;;7292002;
2143;;;;7200005;
2144;;;;7294655;
2145;;;;7202319;
2146;;;;7216266;
2147;;;;7202188;
2148;;;;7278178;
2149;;;;7238938;
2150;;;;7253318;
2151;;;;7282013;
2152;;;;7292019;
2153;;;;7271180;
2154;;;;7205813;
2155;;;;7274278;
2156;;;;7212144;
2157;;;;7292694;
2158;;;;7209711;
2159;;;;7269387;
2160;;;;7249320;
2161;;;;7379597;
2162;;;;7331955;
2163;;;;7334804;
2164;;;;7331402;
2165;;;;7367196;
2166;;;;7393536;
2167;;;;7360620;
2168;;;;7336221;
2169;;;;7376566;
2170;;;;7309740;
2171;;;;7300810;
2172;;;;7341404;
2173;;;;7306578;
2174;;;;7350473;
2175;;;;7355912;
2176;;;;7361136;
2177;;;;7323605;
2178;;;;7375615;
2179;;;;7302259;
2180;;;;7311069;
2181;;;;7341533;
2182;;;;7379593;
2183;;;;7311782;
2184;;;;7325787;
2185;;;;7329955;
2186;;;;7396702;
2187;;;;7364428;
2188;;;;7379738;
2189;;;;7315983;
2190;;;;7311990;
2191;;;;7461967;
2192;;;;7455325;
2193;;;;7459001;
2194;;;;7488061;
2195;;;;7487686;
2196;;;;7400799;
2197;;;;7475172;
2198;;;;7482715;
2199;;;;7437448;
2200;;;;7452668;
2201;;;;7475644;
2202;;;;7434403;
2203;;;;7438946;
2204;;;;7413995;
2205;;;;7443398;
2206;;;;7414071;
2207;;;;7495669;
2208;;;;7409450;
2209;;;;7488973;
2210;;;;7459749;
2211;;;;7429358;
2212;;;;7417324;
2213;;;;7442018;
2214;;;;7492747;
2215;;;;7472660;
2216;;;;7402077;
2217;;;;7400636;
2218;;;;7445378;
2219;;;;7482083;
2220;;;;7488662;
2221;;;;7534491;
2222;;;;7550357;
2223;;;;7505779;
2224;;;;7531479;
2225;;;;7535234;
2226;;;;7562229;
2227;;;;7545395;
2228;;;;7544570;
2229;;;;7538515;
2230;;;;7544792;
2231;;;;7563797;
2232;;;;7515947;
2233;;;;7589329;
2234;;;;7596454;
2235;;;;7548209;
2236;;;;7574454;
2237;;;;7571841;
2238;;;;7556651;
2239;;;;7534076;
2240;;;;7596231;
2241;;;;7567087;
2242;;;;7506251;
2243;;;;7572357;
2244;;;;7540406;
2245;;;;7554051;
2246;;;;7565788;
2247;;;;7595604;
2248;;;;7540176;
2249;;;;7534860;
2250;;;;7561102;
2251;;;;7676771;
2252;;;;7684762;
2253;;;;7666826;
2254;;;;7627744;
2255;;;;7637923;
2256;;;;7608519;
2257;;;;7689556;
2258;;;;7674040;
2259;;;;7630723;
2260;;;;7645119;
2261;;;;7655657;
2262;;;;7606657;
2263;;;;7654719;
2264;;;;7639343;
2265;;;;7648420;
2266;;;;7686697;
2267;;;;7655211;
2268;;;;7601767;
2269;;;;7652223;
2270;;;;7616251;
2271;;;;7660912;
2272;;;;7600870;
2273;;;;7662594;
2274;;;;7679645;
2275;;;;7630852;
2276;;;;7617942;
2277;;;;7600202;
2278;;;;7651238;
2279;;;;7629188;
2280;;;;7656811;
2281;;;;7745121;
2282;;;;7743848;
2283;;;;7714945;
2284;;;;7719742;
2285;;;;7767275;
2286;;;;7712293;
2287;;;;7733945;
2288;;;;7709983;
2289;;;;7770864;
2290;;;;7748412;
2291;;;;7777995;
2292;;;;7751770;
2293;;;;7711406;
2294;;;;7700509;
2295;;;;7798085;
2296;;;;7742394;
2297;;;;7766255;
2298;;;;7771659;
2299;;;;7776027;
2300;;;;7762823;
2301;;;;7781189;
2302;;;;7763202;
2303;;;;7766882;
2304;;;;7746411;
2305;;;;7739831;
2306;;;;7750432;
2307;;;;7771489;
2308;;;;7745365;
2309;;;;7753132;
2310;;;;7748889;
2311;;;;7891875;
2312;;;;7803646;
2313;;;;7881830;
2314;;;;7887514;
2315;;;;7806820;
2316;;;;7807985;
2317;;;;7887775;
2318;;;;7828892;
2319;;;;7858431;
2320;;;;7841903;
2321;;;;7841024;
2322;;;;7802191;
2323;;;;7868936;
2324;;;;7846436;
2325;;;;7878422;
2326;;;;7856457;
2327;;;;7879872;
2328;;;;7828438;
2329;;;;7860754;
2330;;;;7840193;
2331;;;;7876218;
2332;;;;7846592;
2333;;;;7826114;
2334;;;;7833387;
2335;;;;7814799;
2336;;;;7813022;
2337;;;;7830951;
2338;;;;7880839;
2339;;;;7806627;
2340;;;;7816154;
2341;;;;7987966;
2342;;;;7998991;
2343;;;;7923118;
2344;;;;7939913;
2345;;;;7991064;
2346;;;;7988093;
2347;;;;7948045;
2348;;;;7963362;
2349;;;;7959660;
2350;;;;7949041;
2351;;;;7944341;
2352;;;;7972972;
2353;;;;7922136;
2354;;;;7960007;
2355;;;;7935692;
2356;;;;7974188;
2357;;;;7932366;
2358;;;;7943931;
2359;;;;7926330;
2360;;;;7909009;
2361;;;;7974533;
2362;;;;7971799;
2363;;;;7962199;
2364;;;;7984288;
2365;;;;7940483;
2366;;;;7949350;
2367;;;;7922486;
2368;;;;7975854;
2369;;;;7972782;
2370;;;;7967695;
2371;;;;8044592;
2372;;;;8094129;
2373;;;;8015263;
2374;;;;8094879;
2375;;;;8034213;
2376;;;;8048017;
2377;;;;8065124;
2378;;;;8041863;
2379;;;;8088804;
2380;;;;8019807;
2381;;;;8084105;
2382;;;;8055366;
2383;;;;8012234;
2384;;;;8067554;
2385;;;;8083264;
2386;;;;8078458;
2387;;;;8014235;
2388;;;;8088114;
2389;;;;8073796;
2390;;;;8026471;
2391;;;;8086503;
2392;;;;8007143;
2393;;;;8005829;
2394;;;;8040852;
2395;;;;8022602;
2396;;;;8022870;
2397;;;;8005666;
2398;;;;8096411;
2399;;;;8081764;
2400;;;;8060546;
2401;;;;8187947;
2402;;;;8116003;
2403;;;;8101977;
2404;;;;8156408;
2405;;;;8158925;
2406;;;;8149693;
2407;;;;8127111;
2408;;;;8192893;
2409;;;;8120427;
2410;;;;8128468;
2411;;;;8122625;
2412;;;;8126485;
2413;;;;8180391;
2414;;;;8159449;
2415;;;;8177929;
2416;;;;8174711;
2417;;;;8164336;
2418;;;;8185323;
2419;;;;8190320;
2420;;;;8157002;
2421;;;;8198990;
2422;;;;8187468;
2423;;;;8162395;
2424;;;;8197020;
2425;;;;8131174;
2426;;;;8113223;
2427;;;;8141231;
2428;;;;8122878;
2429;;;;8173003;
2430;;;;8150063;
2431;;;;8200518;
2432;;;;8293115;
2433;;;;8256779;
2434;;;;8280278;
2435;;;;8204204;
2436;;;;8256452;
2437;;;;8276237;
2438;;;;8202124;
2439;;;;8268046;
2440;;;;8202729;
2441;;;;8253473;
2442;;;;8283038;
2443;;;;8221554;
2444;;;;8236749;
2445;;;;8211725;
2446;;;;8243815;
2447;;;;8287824;
2448;;;;8221824;
2449;;;;8265620;
2450;;;;8215789;
2451;;;;8269042;
2452;;;;8268540;
2453;;;;8212704;
2454;;;;8222505;
2455;;;;8207069;
2456;;;;8217495;
2457;;;;8235540;
2458;;;;8270835;
2459;;;;8284754;
2460;;;;8217677;
2461;;;;8327534;
2462;;;;8344283;
2463;;;;8382937;
2464;;;;8391885;
2465;;;;8337902;
2466;;;;8332009;
2467;;;;8383736;
2468;;;;8328046;
2469;;;;8342946;
2470;;;;8363842;
2471;;;;8337927;
2472;;;;8326037;
2473;;;;8301075;
2474;;;;8379374;
2475;;;;8302696;
2476;;;;8335010;
2477;;;;8325728;
2478;;;;8354567;
2479;;;;8326933;
2480;;;;8340388;
2481;;;;8389148;
2482;;;;8388480;
2483;;;;8351523;
2484;;;;8338784;
2485;;;;8351144;
2486;;;;8349588;
2487;;;;8346751;
2488;;;;8363902;
2489;;;;8395358;
2490;;;;8378756;
2491;;;;8420735;
2492;;;;8428486;
2493;;;;8432307;
2494;;;;8456057;
2495;;;;8424360;
2496;;;;8423898;
2497;;;;8451935;
2498;;;;8445383;
2499;;;;8401642;
2500;;;;8439944;
2501;;;;8467903;
2502;;;;8492771;
2503;;;;8453356;
2504;;;;8499228;
2505;;;;8463927;
2506;;;;8425610;
2507;;;;8408708;
2508;;;;8409087;
2509;;;;8424069;
2510;;;;8475897;
2511;;;;8466168;
2512;;;;8488440;
2513;;;;8445815;
2514;;;;8472580;
2515;;;;8420436;
2516;;;;8440220;
2517;;;;8498615;
2518;;;;8449494;
2519;;;;8443935;
2520;;;;8451709;
2521;;;;8583037;
2522;;;;8567889;
2523;;;;8588849;
2524;;;;8549988;
2525;;;;8533227;
2526;;;;8578859;
2527;;;;8573377;
2528;;;;8504483;
2529;;;;8547232;
2530;;;;8527216;
2531;;;;8515938;
2532;;;;8561646;
2533;;;;8562090;
2534;;;;8570528;
2535;;;;8586610;
2536;;;;8584706;
2537;;;;8532135;
2538;;;;8599664;
2539;;;;8532731;
2540;;;;8570122;
2541;;;;8501972;
2542;;;;8595676;
2543;;;;8531844;
2544;;;;8543419;
2545;;;;8594267;
2546;;;;8533856;
2547;;;;8516713;
2548;;;;8501979;
2549;;;;8560054;
2550;;;;8559800;
2551;;;;8689506;
2552;;;;8633919;
2553;;;;8663535;
2554;;;;8694681;
2555;;;;8654169;
2556;;;;8661942;
2557;;;;8692143;
2558;;;;8687779;
2559;;;;8664327;
2560;;;;8681159;
2561;;;;8630446;
2562;;;;8631825;
2563;;;;8602827;
2564;;;;8610588;
2565;;;;8655287;
2566;;;;8607822;
2567;;;;8675320;
2568;;;;8605188;
2569;;;;8679062;
2570;;;;8688337;
2571;;;;8629257;
2572;;;;8695588;
2573;;;;8686318;
2574;;;;8641460;
2575;;;;8623939;
2576;;;;8621755;
2577;;;;8647472;
2578;;;;8626875;
2579;;;;8665107;
2580;;;;8694830;
2581;;;;8796489;
2582;;;;8740116;
2583;;;;8776314;
2584;;;;8764142;
2585;;;;8761871;
2586;;;;8756640;
2587;;;;8773622;
2588;;;;8766378;
2589;;;;8794436;
2590;;;;8799003;
2591;;;;8726513;
2592;;;;8766031;
2593;;;;8711473;
2594;;;;8763991;
2595;;;;8778522;
2596;;;;8721121;
2597;;;;8755806;
2598;;;;8727320;
2599;;;;8744292;
2600;;;;8772435;
2601;;;;8765678;
2602;;;;8783473;
2603;;;;8719042;
2604;;;;8719648;
2605;;;;8789444;
2606;;;;8791744;
2607;;;;8720098;
2608;;;;8788135;
2609;;;;8744459;
2610;;;;8767831;
2611;;;;8871116;
2612;;;;8860734;
2613;;;;8826535;
2614;;;;8832455;
2615;;;;8890946;
2616;;;;8890374;
2617;;;;8854576;
2618;;;;8823706;
2619;;;;8822376;
2620;;;;8881836;
2621;;;;8832736;
2622;;;;8832770;
2623;;;;8822579;
2624;;;;8810380;
2625;;;;8800338;
2626;;;;8892975;
2627;;;;8861835;
2628;;;;8847824;
2629;;;;8884642;
2630;;;;8866295;
2631;;;;8829663;
2632;;;;8845542;
2633;;;;8801495;
2634;;;;8894276;
2635;;;;8866131;
2636;;;;8849769;
2637;;;;8829885;
2638;;;;8823177;
2639;;;;8848987;
2640;;;;8848166;
2641;;;;8982295;
2642;;;;8933510;
2643;;;;8943032;
2644;;;;8965583;
2645;;;;8932120;
2646;;;;8996913;
2647;;;;8959589;
2648;;;;8911363;
2649;;;;8941754;
2650;;;;8992050;
2651;;;;8938251;
2652;;;;8935726;
2653;;;;8908666;
2654;;;;8968805;
2655;;;;8915680;
2656;;;;8917223;
2657;;;;8926152;
2658;;;;8938701;
2659;;;;8941918;
2660;;;;8958748;
2661;;;;8925393;
2662;;;;8941173;
2663;;;;8949965;
2664;;;;8929390;
2665;;;;8954246;
2666;;;;8910484;
2667;;;;8920060;
2668;;;;8931158;
2669;;;;8959746;
2670;;;;8936666;
2671;;;;9062187;
2672;;;;9079718;
2673;;;;9024921;
2674;;;;9096201;
2675;;;;9005180;
2676;;;;9081748;
2677;;;;9040059;
2678;;;;9072953;
2679;;;;9077860;
2680;;;;9095616;
2681;;;;9081299;
2682;;;;9027001;
2683;;;;9084299;
2684;;;;9016212;
2685;;;;9058945;
2686;;;;9003164;
2687;;;;9084504;
2688;;;;9043153;
2689;;;;9034753;
2690;;;;9077098;
2691;;;;9025729;
2692;;;;9022248;
2693;;;;9072322;
2694;;;;9077693;
2695;;;;9092778;
2696;;;;9004514;
2697;;;;9043015;
2698;;;;9004728;
2699;;;;9060102;
2700;;;;9047007;
